,Papel,Tipo,Empresa,Setor,Subsetor,Cotacao,Data_ult_cot,Min_52_sem,Max_52_sem,Vol_med_2m,Valor_de_mercado,Valor_da_firma,Ult_balanco_processado,Nro_Acoes,PL,PVP,PEBIT,PSR,PAtivos,PCap_Giro,PAtiv_Circ_Liq,Div_Yield,EV_EBITDA,EV_EBIT,Cres_Rec_5a,LPA,VPA,Marg_Bruta,Marg_EBIT,Marg_Liquida,EBIT_Ativo,ROIC,ROE,Liquidez_Corr,Div_Br_Patrim,Giro_Ativos,Ativo,Disponibilidades,Ativo_Circulante,Div_Bruta,Div_Liquida,Patrim_Liq,Receita_Liquida_12m,EBIT_12m,Lucro_Liquido_12m,Receita_Liquida_3m,EBIT_3m,Lucro_Liquido_3m,Cart_de_Credito,Depositos,Result_Int_Financ_12m,Rec_Servicos_12m,Result_Int_Financ_3m,Rec_Servicos_3m,RankEV_Ebit,RankROIC,volumeDiario,Rankfim
ORVR3,ORVR3,ON NM,ORIZON ON NM,Água e Saneamento,Água e Saneamento,25.69,2022-01-25,19.70,30.54,9908480,1835550000,2094840000,2021-09-30,71450000,-2820,490,3634,479,199,1247,-1085,0.0%,2098,4.147,-,-091,524,37.5%,13.2%,-8.9%,5.5%,5.7%,-17.4%,166,071,041,924473000,5345000,370821000,264639000,259294000,374300000,383171000,50511000,-65085000,99841000,17451000,-2208000,,,,,,,18.0,39.0,247712.0,57.0
ENEV3,ENEV3,ON,ENEVA ON,Energia Elétrica,Energia Elétrica,12.89,2022-01-25,11.93,18.61,83290000,16323100000,22051000000,2021-09-30,1266340000,1191,190,1263,350,091,833,-276,0.0%,1171,1.706,13.0%,108,677,39.0%,27.7%,29.4%,7.2%,8.6%,16.0%,239,090,026,17846300000,2020660000,3364740000,7748540000,5727880000,8575330000,4665500000,1292840000,1370390000,1528090000,384998000,362619000,,,,,,,55.0,16.0,2082250.0,71.0
AMBP3,AMBP3,ON NM,AMBIPAR ON NM,Água e Saneamento,Água e Saneamento,36.47,2022-01-25,20.93,69.45,34921000,4118780000,5653280000,2021-09-30,112936000,3042,350,1689,282,087,549,-237,0.3%,1490,2.318,-,120,1042,21.3%,16.7%,9.8%,5.2%,6.8%,11.5%,182,213,031,4715590000,967179000,1662100000,2501680000,1534500000,1176380000,1460550000,243918000,135384000,615982000,87692000,38055000,,,,,,,39.0,33.0,873025.0,72.0
MULT3,MULT3,ON N2,Multiplan ON N2,Exploração de Imóveis,Exploração de Imóveis,20.41,2022-01-25,16.44,27.13,141804000,12261500000,14265200000,2021-09-30,600761000,3174,190,2212,1070,112,1246,-473,2.4%,1908,2.573,-0.5%,064,1076,77.2%,48.4%,33.7%,5.1%,5.8%,6.0%,212,049,010,10917000000,1177610000,1861290000,3181310000,2003700000,6462260000,1145570000,554317000,386351000,317086000,180350000,99404000,,,,,,,35.0,38.0,3545100.0,73.0
HYPE3,HYPE3,ON,HYPERA ON,Comércio e Distribuição,Medicamentos e Outros Produtos,29.46,2022-01-25,26.56,36.36,89951200,18660600000,22933200000,2021-09-30,633421000,1444,193,1158,343,093,548,-529,4.2%,1318,1.423,9.3%,204,1528,64.0%,29.6%,23.7%,8.0%,9.7%,13.4%,199,077,027,20052500000,3142480000,6842340000,7415130000,4272660000,9680530000,5445730000,1611750000,1292670000,1632640000,532140000,201704000,,,,,,,69.0,4.5,2248780.0,73.5
SQIA3,SQIA3,ON,SINQIA ON,Programas e Serviços,Programas e Serviços,16.22,2022-01-25,12.79,30.64,16129800,1426420000,1048620000,2021-09-30,87942000,12242,179,4797,464,114,251,632,0.1%,1529,3.5269999999999997,24.6%,013,908,38.9%,9.7%,4.3%,2.4%,4.8%,1.5%,656,030,025,1246680000,619632000,671219000,241829000,-377803000,798855000,307160000,29735000,11652000,92055000,16461000,2965000,,,,,,,22.0,53.0,403245.0,75.0
STBP3,STBP3,ON NM,SBPAR ON NM,Transporte,Serviços de Apoio e Armazenagem,6.41,2022-01-25,4.96,9.56,33285500,5530740000,4813130000,2021-09-30,862831000,3211,245,1907,409,116,598,-486,4.1%,1027,1.659,10.2%,020,262,37.7%,21.5%,12.7%,6.1%,8.2%,7.6%,317,018,028,4751090000,1126610000,1350810000,409002000,-717610000,2261990000,1351330000,290049000,172247000,396561000,103153000,66625000,,,,,,,57.0,19.0,832137.5,76.0
SBFG3,SBFG3,ON,GRUPO SBF ON,Comércio,Produtos Diversos,22.84,2022-01-25,19.73,39.52,19411700,5550070000,7333680000,2021-09-30,242998000,2478,254,1841,123,078,335,-542,0.0%,1212,2.432,66.7%,092,901,44.6%,6.7%,5.0%,4.2%,5.3%,10.2%,174,107,063,7118790000,560975000,3905060000,2344580000,1783610000,2189360000,4519840000,301498000,223974000,1491320000,169953000,221417000,,,,,,,37.0,44.0,485292.5,81.0
YDUQ3,YDUQ3,ON,YDUQS PART ON,Diversos,Serviços Educacionais,20.78,2022-01-25,18.06,35.50,59130900,6422870000,9694490000,2021-09-30,309089000,4945,192,1473,149,065,1251,-180,2.3%,867,2.224,5.7%,042,1083,54.1%,10.1%,3.0%,4.4%,5.6%,3.9%,121,154,043,9927810000,1897910000,3010860000,5169530000,3271620000,3346510000,4304070000,435990000,129880000,1098060000,158150000,72831000,,,,,,,44.0,40.5,1478272.5,84.5
PNVL3,PNVL3,ON,PANVEL FARMÁCIAS ON,Comércio e Distribuição,Medicamentos e Outros Produtos,12.68,2022-01-25,11.02,21.71,8015180,1906780000,2391290000,2021-09-30,150377000,2416,185,2519,061,085,304,2119,1.4%,1070,3.159,9.1%,052,685,30.4%,2.4%,2.5%,3.4%,4.4%,7.7%,191,067,139,2253830000,205527000,1314470000,690040000,484513000,1029350000,3135110000,75705000,78908000,802473000,21543000,15653000,,,,,,,25.0,60.5,200379.5,85.5
RAIL3,RAIL3,ON NM,RUMO S.A. ON NM,Transporte,Transporte Ferroviário,16.82,2022-01-25,15.65,21.70,184527000,31187000000,42669500000,2021-09-30,1854160000,5814,205,1676,411,067,435,-157,0.0%,1176,2.293,8.4%,029,820,31.1%,24.5%,7.2%,4.0%,5.0%,3.5%,294,130,016,46221700000,8343390000,10880400000,19825900000,11482500000,15208900000,7589380000,1861000000,536374000,1965570000,439453000,51039000,,,,,,,41.0,46.0,4613175.0,87.0
HAPV3,HAPV3,ON NM,HAPVIDA ON NM,Serv.Méd.Hospit. Análises e Diagnósticos,Serv.Méd.Hospit. Análises e Diagnósticos,12.02,2022-01-25,9.36,18.04,233081000,46776700000,46304300000,2021-09-30,3891570000,12013,441,8952,489,269,10549,-1522,0.3%,3208,8.862,37.4%,010,273,31.1%,5.5%,4.1%,3.0%,3.6%,3.7%,114,019,055,17404300000,2534500000,3710510000,2062080000,-472415000,10615600000,9557970000,522519000,389385000,2558880000,34370000,43191000,,,,,,,12.0,78.0,5827025.0,90.0
UGPA3,UGPA3,ON,ULTRAPAR PARTICIPAÇÕES SA ON,"Petróleo, Gás e Biocombustíveis","Exploração, Refino e Distribuição",14.01,2022-01-25,12.38,23.53,105570000,15622700000,28106400000,2021-09-30,1115110000,1743,159,864,015,042,195,-177,4.6%,893,1.5550000000000002,5.9%,080,878,6.1%,1.7%,0.9%,4.8%,7.2%,9.1%,177,186,288,37372300000,5741170000,18342900000,18224900000,12483700000,9795900000,107603000000,1807470000,896311000,31911100000,519743000,369203000,,,,,,,63.0,27.5,2639250.0,90.5
AALR3,AALR3,ON NM,ALLIAR ON NM,Serv.Méd.Hospit. Análises e Diagnósticos,Serv.Méd.Hospit. Análises e Diagnósticos,15.99,2022-01-25,8.63,18.65,14449100,1891510000,2506640000,2021-09-30,118293000,4921,157,1501,163,073,-4203,-237,0.0%,1009,1.989,-0.4%,032,1019,31.4%,10.9%,4.1%,4.8%,5.3%,3.2%,093,064,045,2604540000,152402000,566594000,767534000,615132000,1205650000,1159790000,126044000,38439000,298477000,38558000,5153000,,,,,,,49.0,44.0,361227.5,93.0
BRFS3,BRFS3,ON NM,BRF Foods ON NM,Alimentos Processados,Carnes e Derivados,23.25,2022-01-25,19.24,30.07,209295000,18890000000,35835600000,2021-09-30,812473000,4641,249,641,041,036,471,-089,0.0%,637,1.217,7.8%,050,935,21.6%,6.4%,0.9%,5.6%,9.1%,5.4%,120,318,087,53048800000,7233030000,24242200000,24178600000,16945600000,7599850000,46093000000,2945610000,407008000,12390000000,755214000,-282116000,,,,,,,82.5,11.0,5232375.0,93.5
GNDI3,GNDI3,ON NM,INTERMEDICA ON NM,Serv.Méd.Hospit. Análises e Diagnósticos,Serv.Méd.Hospit. Análises e Diagnósticos,69.30,2022-01-25,55.49,98.39,269193000,42984100000,44930600000,2021-09-30,620261000,-371065,604,9011,354,246,8244,-643,0.4%,5258,9.419,25.2%,-002,1147,18.5%,3.9%,-0.1%,2.7%,3.1%,-0.2%,117,053,069,17466000000,1832990000,3660280000,3779540000,1946550000,7116080000,12131600000,477037000,-11584000,3220490000,45370000,-90684000,,,,,,,11.0,84.0,6729825.0,95.0
CSAN3,CSAN3,ON,COSAN SA INDUSTRIA E COMERCIO ON,"Petróleo, Gás e Biocombustíveis","Exploração, Refino e Distribuição",21.96,2022-01-25,18.23,26.74,139525000,41154600000,72546900000,2021-09-30,1874070000,753,291,1224,186,045,232,-109,2.9%,1426,2.1580000000000004,28.7%,292,756,26.2%,15.2%,26.7%,3.7%,4.7%,38.6%,292,332,024,90876700000,15628200000,26937500000,47020500000,31392300000,14162100000,22095100000,3361090000,5466000000,6890470000,1205120000,3264680000,,,,,,,45.0,54.0,3488125.0,99.0
VIVT3,VIVT3,ON,TELEF BRASIL ON,Telecomunicações,Telecomunicações,48.45,2022-01-25,39.44,51.60,97751500,81928200000,85908000000,2021-09-30,1690980000,1673,118,1508,187,072,5613,-407,7.1%,496,1.581,0.3%,290,4101,45.0%,12.4%,11.2%,4.8%,5.6%,7.1%,107,018,039,113253000000,8727810000,23710200000,12707600000,3979750000,69350500000,43724500000,5432520000,4897640000,11033300000,1299320000,1317770000,,,,,,,61.0,40.5,2443787.5,101.5
HBSA3,HBSA3,ON NM,HIDROVIAS ON NM,Transporte,Transporte Hidroviário,2.94,2022-01-25,2.62,7.02,10808600,2235530000,6277820000,2021-09-30,760383000,-1944,157,1139,173,036,471,-060,0.0%,1248,3.199,36.3%,-015,188,35.0%,15.2%,-8.9%,3.2%,3.5%,-8.1%,192,310,021,6174540000,384439000,992476000,4426730000,4042290000,1427680000,1290940000,196244000,-114998000,266810000,-15901000,-66893000,,,,,,,24.0,80.0,270215.0,104.0
EZTC3,EZTC3,ON NM,EZTec ON NM,Construção Civil,Incorporações,20.65,2022-01-25,17.60,38.67,46773800,4687550000,3675990000,2021-09-30,227000000,943,107,1710,449,093,251,289,2.1%,1322,1.341,11.4%,219,1934,45.0%,26.3%,49.6%,5.4%,6.9%,11.3%,645,000,021,5059990000,1030150000,2212810000,18591000,-1011560000,4389920000,1043690000,274203000,497298000,297752000,98761000,145247000,,,,,,,73.0,31.5,1169345.0,104.5
MDIA3,MDIA3,ON NM,M.DIASBRANCO ON NM,Alimentos Processados,Alimentos Diversos,23.43,2022-01-25,22.62,33.62,27702500,7942770000,7909850000,2021-09-30,339000000,1411,115,2294,108,075,247,808,0.9%,1266,2.285,8.5%,166,2034,28.9%,4.7%,7.7%,3.3%,4.3%,8.2%,320,027,069,10588100000,1881750000,4677800000,1848830000,-32919900,6893860000,7351190000,346228000,563011000,2179770000,231340000,196667000,,,,,,,43.0,62.5,692562.5,105.5
NTCO3,NTCO3,ON NM,GRUPO NATURA ON NM,Produtos de Uso Pessoal e de Limpeza,Produtos de Uso Pessoal,23.24,2022-01-25,20.24,61.05,246906000,32061600000,39396400000,2021-09-30,1379590000,6050,115,1545,079,055,740,-234,0.0%,820,1.8990000000000002,2.9%,038,2019,64.9%,5.1%,1.3%,3.5%,4.4%,1.9%,134,046,069,58635300000,5358950000,17080400000,12693800000,7334870000,27849900000,40518700000,2074650000,529938000,9549220000,377362000,272869000,,,,,,,50.0,60.5,6172650.0,110.5
MGLU3,MGLU3,ON NM,MAGAZ LUIZA ON NM,Comércio,Eletrodomésticos,6.72,2022-01-25,5.74,26.22,886420000,45352800000,45599400000,2021-09-30,6748930000,6324,417,8430,126,148,695,23017,0.2%,3468,8.476,33.5%,011,161,23.9%,1.5%,2.0%,1.8%,2.8%,6.6%,149,022,118,30549500000,2105410000,19874000000,2352030000,246622000,10872500000,35943900000,537969000,717179000,8612030000,-278953000,143516000,,,,,,,13.0,104.5,22160500.0,117.5
TIMS3,TIMS3,ON NM,TIM ON NM,Telecomunicações,Telecomunicações,12.97,2022-01-25,10.99,14.14,74438600,31397800000,27440100000,2021-09-30,2420800000,1062,127,957,175,071,543,-467,3.3%,308,0.836,4.4%,122,1018,53.2%,18.3%,16.5%,7.5%,9.7%,12.0%,185,014,041,43978500000,7372410000,12611100000,3414670000,-3957740000,24641800000,17936600000,3280760000,2955300000,4511810000,811971000,992769000,,,,,,,115.0,4.5,1860965.0,119.5
AMAR3,AMAR3,ON NM,LOJAS MARISA ON NM,Comércio,"Tecidos, Vestuário e Calçados",3.27,2022-01-25,2.88,8.58,27640800,855651000,2073830000,2021-09-30,261667000,-878,092,338,035,025,346,-119,0.0%,385,0.82,-5.3%,-037,356,45.2%,10.4%,0.4%,7.5%,9.8%,-10.5%,117,160,072,3370920000,275437000,1719450000,1493620000,1218180000,931310000,2433780000,252901000,-97406000,654613000,70588000,44379000,,,,,,,118.0,2.5,691020.0,120.5
WEGE3,WEGE3,ON N1,WEG SA ON N1,Máquinas e Equipamentos,"Motores, Compressores e Outros",30.20,2022-01-25,28.56,44.02,242043000,126759000000,125452000000,2021-09-30,4197320000,3670,994,2982,578,563,1758,2355,1.4%,2640,2.952,23.1%,082,304,30.8%,19.4%,16.1%,18.9%,24.2%,27.1%,196,013,097,22500300000,2942360000,14743200000,1635210000,-1307150000,12750400000,21913200000,4250130000,3454120000,6198240000,1123210000,812925000,,,,,,,29.0,92.0,6051075.0,121.0
ANIM3,ANIM3,ON NM,ANIMA ON NM,Diversos,Serviços Educacionais,7.74,2022-01-25,6.60,14.30,26912400,3125950000,7517090000,2021-09-30,403869000,8893,121,1002,142,030,823,-051,0.0%,1196,2.41,19.4%,009,638,55.2%,14.2%,1.8%,3.0%,3.3%,1.4%,131,200,021,10317000000,759471000,1615160000,5150610000,4391140000,2577160000,2194550000,311942000,35151000,816681000,93477000,13184000,,,,,,,38.0,83.0,672810.0,121.0
AMER3,AMER3,ON,AMERICANAS ON,Comércio,Produtos Diversos,35.30,2022-01-25,26.67,90.39,227218000,31902800000,35562400000,2021-09-30,903761000,45738,204,5002,188,074,314,-1044,0.0%,2209,5.5760000000000005,19.8%,008,1733,29.8%,3.8%,0.4%,1.5%,2.5%,0.4%,170,085,039,43332000000,9708440000,24612600000,13368100000,3659680000,15663400000,16929900000,637753000,69751000,6277260000,311215000,240551000,,,,,,,14.0,107.0,5680450.0,121.0
SBSP3,SBSP3,ON NM,SABESP ON NM,Água e Saneamento,Água e Saneamento,35.64,2022-01-25,31.69,42.78,88816700,24360300000,38130300000,2021-09-30,683510000,948,099,540,126,046,2638,-113,1.1%,569,0.845,7.5%,376,3585,35.6%,23.4%,13.3%,8.5%,9.3%,10.5%,115,073,036,53076400000,4147640000,7061470000,17917700000,13770000000,24505800000,19311400000,4514310000,2569970000,5153920000,1220420000,468531000,,,,,,,113.0,9.0,2220417.5,122.0
SOMA3,SOMA3,ON NM,GRUPO SOMA ON NM,Comércio,"Tecidos, Vestuário e Calçados",12.40,2022-01-25,10.26,20.20,56300800,9730860000,10450900000,2021-09-30,784747000,3302,136,4486,475,102,615,2692,0.0%,3104,4.818,-,038,914,63.9%,10.6%,14.4%,2.3%,2.5%,4.1%,240,014,022,9523190000,268291000,2711210000,988320000,720029000,7173400000,2049390000,216927000,294730000,714270000,96114000,173803000,,,,,,,16.0,107.0,1407520.0,123.0
ALSO3,ALSO3,ON,ALIANSCSONAE ON,Exploração de Imóveis,Exploração de Imóveis,22.12,2022-01-25,18.08,32.07,32309000,5878900000,6745090000,2021-09-30,265773000,3576,088,1545,670,053,479,-369,1.0%,1181,1.7719999999999998,31.7%,062,2519,66.4%,43.4%,22.6%,3.4%,3.9%,2.5%,318,032,008,11136900000,1307810000,1788760000,2174000000,866188000,6693810000,877645000,380551000,164410000,239454000,116956000,60584000,,,,,,,52.0,75.5,807725.0,127.5
EMBR3,EMBR3,ON,EMBRAER ON,Material de Transporte,Material Aeronáutico e de Defesa,20.76,2022-01-25,8.65,26.05,224579000,15372100000,25463300000,2021-09-30,740465000,-5238,105,780,058,027,092,-182,0.0%,804,1.2930000000000001,2.4%,-040,1983,15.3%,7.5%,-1.1%,3.5%,4.9%,-2.0%,204,160,047,56475700000,13338000000,32744300000,23429300000,10091300000,14686800000,26378700000,1969700000,-293454000,5010380000,448218000,-234300000,,,,,,,77.0,52.0,5614475.0,129.0
CYRE3,CYRE3,PN,CYRELA BRAZIL REALTY PN,Construção Civil,Incorporações,16.33,2022-01-25,13.17,27.52,116821000,6527800000,7720370000,2021-09-30,399743000,681,105,842,144,050,127,898,6.7%,941,0.9959999999999999,15.0%,240,1551,34.5%,17.1%,22.9%,5.9%,7.2%,15.5%,341,055,034,13163000000,2210400000,7285660000,3402960000,1192560000,6198680000,4530720000,775022000,958037000,1288340000,229964000,237546000,,,,,,,102.0,27.5,2920525.0,129.5
LOGG3,LOGG3,ON NM,LOG COM PROP ON NM,Exploração de Imóveis,Exploração de Imóveis,28.50,2022-01-25,22.01,34.25,20089700,2911530000,3889320000,2021-09-30,102159000,920,088,2669,1980,056,515,-371,1.1%,3539,3.565,11.8%,310,3244,98.6%,74.2%,225.8%,2.1%,2.3%,9.5%,220,040,003,5163120000,364186000,1036160000,1341970000,977786000,3314120000,147069000,109092000,316378000,37005000,27158000,94658000,,,,,,,21.0,110.0,502242.5,131.0
BRML3,BRML3,ON,BR MALLS PARTICIPAÇÔES S/A ON,Exploração de Imóveis,Exploração de Imóveis,9.28,2022-01-25,6.97,11.80,195133000,8102750000,10566400000,2021-09-30,873141000,4048,076,1330,789,042,530,-131,0.0%,1620,1.735,-6.2%,023,1227,90.4%,59.3%,16.0%,3.1%,3.4%,1.9%,394,038,005,19408900000,1622960000,2047780000,4086600000,2463640000,10717700000,1027520000,609077000,200153000,291742000,178641000,57149000,,,,,,,54.0,82.0,4878325.0,136.0
TRIS3,TRIS3,ON NM,Trisul ON NM,Construção Civil,Incorporações,5.93,2022-01-25,5.16,11.17,9442720,1106640000,1310130000,2021-09-30,186618000,696,089,596,129,048,088,151,4.1%,702,0.705,22.8%,085,665,37.6%,21.7%,20.5%,8.0%,9.9%,12.8%,350,048,037,2321400000,394194000,1756130000,597678000,203484000,1241240000,856127000,185709000,159088000,190230000,40267000,33100000,,,,,,,135.0,1.0,236068.0,136.0
MRVE3,MRVE3,ON NM,MRV ON NM,Construção Civil,Incorporações,12.53,2022-01-25,10.01,19.62,62797700,6054910000,9799750000,2021-09-30,483233000,864,101,800,088,031,117,-165,3.5%,1104,1.295,11.3%,145,1240,27.2%,10.9%,11.3%,3.8%,4.3%,11.7%,217,083,035,19668000000,1207330000,9635460000,4952160000,3744840000,5993850000,6916650000,756681000,700883000,1800100000,196388000,165161000,,,,,,,76.0,62.5,1569942.5,138.5
VIIA3,VIIA3,ON,VIA ON,Comércio,Eletrodomésticos,4.35,2022-01-25,3.75,16.03,193429000,6953150000,15392200000,2021-09-30,1598430000,69532,123,669,022,020,-902,-065,0.0%,775,1.4809999999999999,5.3%,001,355,30.6%,3.2%,0.0%,3.0%,3.9%,0.2%,096,176,092,35089000000,1575000000,18789000000,10014000000,8439000000,5675000000,32242000000,1039000000,10000000,7349000000,-397000000,-638000000,,,,,,,65.0,75.5,4835725.0,140.5
GUAR3,GUAR3,ON,GUARARAPES CONFECÇÕES ON,Comércio,"Tecidos, Vestuário e Calçados",11.22,2022-01-25,8.49,22.07,12240800,5601020000,7272410000,2021-09-30,499200000,1084,109,2038,081,041,204,-1586,3.9%,892,2.646,1.2%,103,1034,51.0%,4.0%,7.4%,2.0%,2.5%,10.0%,152,068,051,13557600000,1829180000,8043180000,3500570000,1671390000,5161370000,6942900000,274890000,516544000,1815250000,65532000,207317000,,,,,,,34.0,107.0,306020.0,141.0
BRPR3,BRPR3,ON NM,BR PROPERTIES ON NM,Exploração de Imóveis,Exploração de Imóveis,7.05,2022-01-25,6.22,9.98,14072300,3342830000,5167090000,2021-09-30,474160000,1422,047,1489,1019,029,524,-110,2.9%,2285,2.3009999999999997,-8.2%,050,1509,100.0%,68.5%,71.7%,2.0%,2.2%,3.3%,203,041,003,11447300000,1110740000,1254040000,2935000000,1824260000,7154660000,327949000,224555000,235136000,83498000,55321000,38258000,,,,,,,40.0,111.0,351807.5,151.0
MYPK3,MYPK3,ON,IOCHPE-MAXION ON,Automóveis e Motocicletas,Automóveis e Motocicletas,14.90,2022-01-25,11.08,18.47,21477200,2290430000,6907880000,2021-09-30,153720000,730,056,259,018,016,135,-075,6.7%,469,0.78,11.0%,204,2650,12.5%,6.9%,3.3%,6.1%,7.7%,7.7%,132,138,088,14431500000,1006990000,6953970000,5624440000,4617460000,4074170000,12750400000,885711000,313605000,3583980000,320574000,177016000,,,,,,,128.0,24.0,536930.0,152.0
SYNE3,SYNE3,ON NM,SYN PROP TEC ON NM,Exploração de Imóveis,Exploração de Imóveis,7.18,2022-01-25,4.96,8.65,24647400,1095980000,2142650000,2021-09-30,152644000,3662,066,442,229,021,113,-122,1.1%,671,0.865,1.3%,020,1082,60.5%,51.7%,24.4%,4.8%,5.5%,1.8%,435,102,009,5130060000,632853000,1254080000,1679520000,1046670000,1651660000,478955000,247682000,29931000,124620000,69655000,9027000,,,,,,,111.0,42.0,616185.0,153.0
INTB3,INTB3,ON NM,INTELBRAS ON NM,Computadores e Equipamentos,Computadores e Equipamentos,29.29,2022-01-25,16.91,33.12,28523600,9595730000,9049350000,2021-09-30,327611000,2038,523,3473,337,305,598,756,0.6%,2909,3.275,-,144,560,28.7%,9.7%,16.5%,8.8%,17.4%,25.7%,268,022,091,3148290000,952075000,2563610000,405699000,-546376000,1834640000,2851610000,276322000,470766000,758978000,82370000,89229000,,,,,,,23.0,131.0,713090.0,154.0
BLAU3,BLAU3,ON NM,BLAU ON NM,Comércio e Distribuição,Medicamentos e Outros Produtos,33.30,2022-01-25,30.14,53.68,14041100,5973820000,5472220000,2021-09-30,179394000,1689,362,1223,441,252,428,572,0.7%,1076,1.1199999999999999,17.2%,197,920,50.2%,36.1%,26.1%,20.6%,37.6%,21.4%,476,030,057,2372650000,1004920000,1765420000,503318000,-501603000,1651170000,1354350000,488630000,353722000,319623000,110229000,94393000,,,,,,,89.0,69.0,351027.5,158.0
TEND3,TEND3,ON NM,Tenda ON NM,Construção Civil,Incorporações,16.28,2022-01-25,14.35,29.19,18785000,1698720000,1996720000,2021-09-30,104344000,1140,115,512,063,037,100,-554,1.1%,545,0.6020000000000001,19.6%,143,1419,26.8%,12.2%,5.4%,7.2%,9.6%,10.1%,256,090,059,4580950000,1041820000,2786960000,1339820000,298002000,1480680000,2708640000,331586000,149017000,721164000,45715000,6430000,,,,,,,155.5,6.0,469625.0,161.5
ODPV3,ODPV3,ON NM,ODONTOPREV ON NM,Serv.Méd.Hospit. Análises e Diagnósticos,Serv.Méd.Hospit. Análises e Diagnósticos,12.42,2022-01-25,11.74,16.43,19853800,6598680000,6263980000,2021-09-30,531295000,1751,584,1112,363,347,-261952,-3596,3.8%,1008,1.0550000000000002,6.7%,071,213,59.1%,32.6%,20.8%,31.2%,38.4%,33.4%,100,-,096,1900410000,334706000,581749000,0,-334706000,1129380000,1820040000,593583000,376765000,467067000,150555000,97803000,,,,,,,96.0,67.0,496345.0,163.0
DIRR3,DIRR3,ON NM,Direcional Engenharia ON NM,Construção Civil,Incorporações,12.54,2022-01-25,9.54,15.02,21670800,1881000000,2183450000,2021-09-30,150000000,1209,155,605,110,034,095,-114,5.6%,606,0.7020000000000001,20.5%,104,810,36.3%,18.1%,11.7%,5.6%,6.9%,12.8%,468,102,031,5520930000,934763000,2521400000,1237210000,302449000,1214780000,1714720000,311030000,155552000,453362000,78880000,47184000,,,,,,,136.0,31.5,541770.0,167.5
PRIO3,PRIO3,ON,PETRORIO ON,"Petróleo, Gás e Biocombustíveis","Exploração, Refino e Distribuição",23.88,2022-01-25,13.82,28.15,416095000,21077600000,20576400000,2021-09-30,882646000,1791,371,1416,603,184,497,-7155,0.0%,886,1.3830000000000002,61.6%,133,644,51.6%,42.6%,33.7%,13.0%,22.2%,20.7%,446,071,031,11445200000,4526210000,5463660000,4025030000,-501182000,5686920000,3497720000,1488280000,1176840000,939517000,415952000,97104000,,,,,,,71.0,98.0,10402375.0,169.0
GFSA3,GFSA3,ON,GAFISA ON,Construção Civil,Incorporações,1.89,2022-01-25,1.66,5.91,14868200,637773000,1373200000,2021-09-30,337446000,1041,036,514,054,015,037,123,0.0%,988,1.108,5.9%,018,523,25.1%,10.5%,5.2%,3.0%,3.5%,3.5%,244,067,028,4143860000,454154000,2894250000,1189580000,735423000,1765520000,1176020000,123960000,61241000,166754000,31790000,6187000,,,,,,,90.0,80.0,371705.0,170.0
LIGT3,LIGT3,ON,LIGHT SA ON,Energia Elétrica,Energia Elétrica,10.98,2022-01-25,9.68,21.17,30734700,4090660000,11283100000,2021-09-30,372555000,539,047,219,027,015,093,-042,4.0%,448,0.603,7.6%,204,2349,21.0%,12.4%,5.0%,6.9%,8.5%,8.7%,205,122,056,27145000000,3497250000,8560120000,10689700000,7192400000,8749760000,15134900000,1870760000,759360000,3918160000,213115000,363991000,,,,,,,154.0,17.5,768367.5,171.5
VIVA3,VIVA3,ON NM,VIVARA S.A. ON NM,"Tecidos, Vestuário e Calçados",Acessórios,23.20,2022-01-25,21.50,34.24,25812300,5479790000,5304920000,2021-09-30,236198000,2071,408,1826,434,231,656,1463,1.4%,1449,1.768,27.0%,112,569,74.1%,23.8%,21.0%,12.7%,17.6%,19.7%,248,022,053,2368820000,465779000,1400600000,290905000,-174873000,1342840000,1262190000,300094000,264544000,337215000,66992200,86257700,,,,,,,53.0,128.5,645307.5,181.5
RENT3,RENT3,ON,LOCALIZA RENT A CAR ON,Diversos,Aluguel de carros,55.75,2022-01-25,45.21,69.17,447164000,42284500000,49540900000,2021-09-30,758467000,2111,566,1352,380,193,2706,-471,0.8%,1397,1.584,18.5%,264,984,40.7%,28.1%,18.0%,14.3%,18.1%,26.8%,140,144,051,21940000000,3497640000,5496790000,10754000000,7256400000,7465070000,11140400000,3128530000,2003380000,2772250000,1067320000,671398000,,,,,,,60.0,123.0,11179100.0,183.0
B3SA3,B3SA3,ON,B3 ON,Serviços Financeiros Diversos,Serviços Financeiros Diversos,13.32,2022-01-25,10.72,19.84,491663000,81598300000,71575600000,2021-09-30,6126000000,1728,361,1254,792,149,820,-1234,6.3%,944,1.1,33.8%,077,369,90.7%,63.2%,45.8%,11.9%,21.2%,20.9%,164,062,019,54807500000,23973900000,25600800000,13951200000,-10022700000,22580300000,10306000000,6509580000,4722880000,2513220000,1547930000,1176130000,,,,,,,92.0,101.0,12291575.0,193.0
PETZ3,PETZ3,ON NM,PETZ ON NM,Comércio,Produtos Diversos,16.78,2022-01-25,13.77,28.32,99673800,7699270000,7833390000,2021-09-30,458836000,10678,1315,4316,395,380,10776,-1032,0.2%,2217,4.391,-,016,128,47.6%,9.2%,3.7%,8.8%,11.1%,12.3%,111,051,096,2026800000,161861000,695338000,295980000,134119000,585296000,1947080000,178377000,72107000,545355000,59976000,22369000,,,,,,,17.0,180.0,2491845.0,197.0
RCSL3,RCSL3,ON,RECRUSUL ON,Material de Transporte,Material Rodoviário,4.00,2022-01-25,3.37,10.67,21627000,303292000,301036000,2021-09-30,75823000,-46877,-694,33147,558,468,6893,-409,0.0%,17512,32.9,667.4%,-001,-058,14.7%,1.7%,-1.2%,1.4%,1.5%,1.5%,115,-000,084,64793000,2313000,34455000,57000,-2256000,-43698000,54371000,915000,-647000,19050000,-159000,-865000,,,,,,,3.0,194.0,540675.0,197.0
TOTS3,TOTS3,ON NM,TOTVS ON NM,Programas e Serviços,Programas e Serviços,26.38,2022-01-25,24.17,40.44,134239000,16281300000,15392800000,2021-09-30,617183000,4728,389,1318,538,173,871,-5738,1.1%,1038,1.246,7.3%,056,679,70.6%,40.8%,11.4%,13.1%,18.8%,8.2%,161,045,032,9425290000,2753020000,4953790000,1864530000,-888486000,4187760000,3027660000,1235490000,344355000,854538000,342569000,88920000,,,,,,,80.0,120.0,3355975.0,200.0
ARZZ3,ARZZ3,ON NM,AREZZO CO ON NM,Comércio,"Tecidos, Vestuário e Calçados",77.70,2022-01-25,64.78,100.07,69006400,7744440000,8015490000,2021-09-30,99671000,2440,501,2747,313,248,1824,-9491,1.2%,2120,2.843,12.6%,318,1552,51.1%,11.4%,12.8%,9.0%,11.9%,20.5%,140,037,079,3125240000,297205000,1495470000,568258000,271053000,1546530000,2475490000,281901000,317364000,777949000,100573000,78044000,,,,,,,30.0,170.5,1725160.0,200.5
VAMO3,VAMO3,ON NM,VAMOS ON NM,Diversos,Aluguel de carros,11.54,2022-01-25,7.33,18.13,29471000,11274400000,12598700000,2021-09-30,976988000,3336,414,1826,462,155,600,-680,1.7%,1364,2.041,72.7%,035,279,35.1%,25.3%,13.9%,8.5%,13.1%,12.4%,291,119,034,7252310000,1905060000,2865630000,3229320000,1324260000,2724400000,2439530000,617343000,338005000,830269000,212012000,110425000,,,,,,,47.0,156.0,736775.0,203.0
SEQL3,SEQL3,ON NM,SEQUOIA LOG ON NM,Serviços Diversos,Serviços Diversos,13.16,2022-01-25,9.09,31.25,32251700,1834910000,2303730000,2021-09-30,139431000,100653,304,10400,130,095,1735,-255,0.0%,1644,13.057999999999998,-,001,432,18.3%,1.2%,0.1%,0.9%,1.1%,0.3%,121,113,073,1927960000,209969000,605107000,678781000,468812000,602733000,1413560000,17643000,1823000,374167000,17160000,-322000,,,,,,,7.0,196.0,806292.5,203.0
RADL3,RADL3,ON,RAIADROGASIL ON,Comércio e Distribuição,Medicamentos e Outros Produtos,21.60,2022-01-25,20.45,28.12,143605000,35681700000,36999300000,2021-09-30,1651930000,4800,751,2729,154,248,1720,-1494,1.0%,1446,2.83,16.1%,045,288,29.7%,5.6%,3.3%,9.1%,11.6%,15.6%,140,033,161,14406200000,247158000,7230070000,1564790000,1317630000,4752110000,23206900000,1307490000,743307000,6164860000,324733000,154532000,,,,,,,31.0,173.0,3590125.0,204.0
PCAR3,PCAR3,ON,PÃO DE AÇÚCAR ON,Comércio e Distribuição,Alimentos,21.35,2022-01-25,18.95,70.72,53560300,5751880000,11059900000,2021-09-30,269409000,356,043,213,022,012,-16434,-031,10.2%,247,0.409,6.8%,599,4920,37.4%,10.4%,6.7%,5.6%,7.4%,12.2%,100,074,053,48695000000,4526000000,14256000000,9834000000,5308000000,13255000000,25931000000,2703000000,1615000000,12084000000,735000000,-89000000,,,,,,,178.5,26.0,1339007.5,204.5
LWSA3,LWSA3,ON NM,LOCAWEB ON NM,Programas e Serviços,Programas e Serviços,9.09,2022-01-25,7.67,34.99,131245000,5365340000,3669460000,2021-09-30,590247000,1271410,182,17029,773,128,318,519,0.0%,3368,11.647,53.2%,000,500,45.6%,4.5%,0.1%,0.7%,1.3%,0.0%,382,004,017,4202080000,1803640000,2284690000,107759000,-1695880000,2950560000,694491000,31507000,422000,209137000,5067000,-3736000,,,,,,,10.0,195.0,3281125.0,205.0
AESB3,AESB3,ON NM,AES BRASIL ON NM,Energia Elétrica,Energia Elétrica,11.66,2022-01-25,10.24,17.40,12658900,5737960000,10939000000,2021-09-30,492106000,1287,258,6514,469,053,102684,-086,1.6%,12418,12.418,-,091,452,16.8%,7.2%,36.4%,0.8%,0.9%,20.0%,100,267,011,10919000000,731674000,1215190000,5932720000,5201040000,2223480000,1223130000,88090000,445672000,661705000,-39433000,422475000,,,,,,,8.0,198.0,316472.5,206.0
GRND3,GRND3,ON,GRENDENE SA ON,"Tecidos, Vestuário e Calçados",Calçados,8.54,2022-01-25,6.38,12.16,13782700,7704450000,6218640000,2021-09-30,902160000,1134,189,1676,322,173,268,276,10.1%,1134,1.3530000000000002,-0.9%,075,452,45.0%,19.2%,28.4%,10.3%,16.4%,16.6%,1145,002,054,4441880000,1578070000,3149850000,92268000,-1485800000,4080980000,2389780000,459588000,679395000,671416000,120893000,208056000,,,,,,,72.0,134.0,344567.5,206.0
CIEL3,CIEL3,ON NM,CIELO ON NM,Serviços Financeiros Diversos,Serviços Financeiros Diversos,2.18,2022-01-25,1.94,4.17,53981900,5922660000,2044710000,2021-09-30,2716820000,636,060,638,120,007,107,-303,8.1%,143,0.22000000000000003,-16.7%,034,362,39.2%,18.9%,19.0%,1.0%,9.3%,9.5%,108,040,006,88716000000,7843520000,76936400000,3965580000,-3877940000,9824110000,4915410000,927984000,931832000,1267380000,223894000,211942000,,,,,,,197.0,9.0,1349547.5,206.0
DASA3,DASA3,ON,DIAGNOSTICOS DA AMERICA SA ON,Serv.Méd.Hospit. Análises e Diagnósticos,Serv.Méd.Hospit. Análises e Diagnósticos,29.70,2022-01-25,28.41,180.59,8648630,16274500000,19434900000,2021-09-30,547963000,-44922,219,10324,163,089,1992,-309,1.0%,1842,12.329,30.4%,-007,1354,31.0%,1.6%,-0.3%,0.9%,1.0%,-0.5%,117,072,054,18386200000,2211540000,5673840000,5371960000,3160430000,7418660000,9972760000,157633000,-36228000,2763770000,253383000,73602000,,,,,,,9.0,197.0,216215.75,206.0
ABEV3,ABEV3,ON,AMBEV S/A ON,Bebidas,Cervejas e Refrigerantes,15.07,2022-01-25,13.31,18.95,352872000,237269000000,220296000000,2021-09-30,15744500000,1497,273,1518,342,176,3347,-2705,4.0%,1065,1.41,9.9%,101,551,51.9%,22.5%,23.4%,11.6%,16.1%,18.3%,123,003,051,135133000000,20000700000,38197100000,3027710000,-16973000000,86771200000,69400100000,15625500000,15849700000,18492600000,3847760000,3552530000,,,,,,,70.0,138.5,8821800.0,208.5
CMIN3,CMIN3,ON N2,CSNMINERACAO ON N2,Mineração,Minerais Metálicos,7.23,2022-01-25,5.15,10.39,60377000,40424700000,33032000000,2021-09-30,5591250000,577,284,354,190,143,563,9529,6.5%,260,0.289,-,125,255,60.7%,53.8%,33.0%,40.3%,77.1%,49.2%,197,033,075,28360600000,12043500000,14545200000,4650820000,-7392710000,14239600000,21241500000,11432100000,7009350000,3057590000,722660000,804065000,,,,,,,186.5,22.0,1509425.0,208.5
AERI3,AERI3,ON NM,AERIS ON NM,Máquinas e Equipamentos,Máq. e Equip. Industriais,6.08,2022-01-25,5.80,12.45,14953000,4658580000,5193200000,2021-09-30,766213000,6983,458,2649,176,157,341,-27791,0.0%,2492,2.9530000000000003,-,009,133,10.0%,6.6%,2.5%,5.9%,10.3%,6.6%,340,142,089,2970180000,905055000,1936460000,1439680000,534626000,1016960000,2647010000,175892000,66710000,629365000,47985000,9315000,,,,,,,28.0,190.0,373825.0,218.0
RRRP3,RRRP3,ON NM,3R PETROLEUM ON NM,"Petróleo, Gás e Biocombustíveis","Exploração, Refino e Distribuição",37.36,2022-01-25,27.60,49.00,94491800,7568880000,6980370000,2021-09-30,202593000,-3750,415,3025,1156,207,870,-2110,0.0%,1977,2.79,-,-100,900,56.0%,38.2%,-30.1%,6.8%,10.6%,-11.1%,264,037,018,3655310000,1259980000,1401740000,671468000,-588510000,1822360000,654481000,250213000,-201852000,192182000,77046000,-5773000,,,,,,,32.0,187.0,2362295.0,219.0
QUAL3,QUAL3,ON NM,QUALICORP ON NM,Serv.Méd.Hospit. Análises e Diagnósticos,Serv.Méd.Hospit. Análises e Diagnósticos,17.45,2022-01-25,14.62,31.80,40151700,4956040000,5978260000,2021-09-30,284014000,1302,297,633,237,104,-618,-379,11.9%,532,0.764,0.4%,134,588,79.6%,37.4%,18.6%,16.4%,24.5%,22.8%,069,130,044,4761200000,1147620000,1774790000,2169840000,1022210000,1671410000,2090140000,782452000,380715000,534859000,203979000,110441000,,,,,,,129.0,90.5,1003792.5,219.5
EVEN3,EVEN3,ON NM,Even ON NM,Construção Civil,Incorporações,6.85,2022-01-25,5.91,11.40,12790700,1452200000,689700000,2021-09-30,212000000,1450,081,394,066,025,064,115,12.1%,183,0.187,8.0%,047,845,29.3%,16.8%,6.3%,6.3%,7.9%,5.6%,200,020,037,5867100000,1113870000,4553260000,351369000,-762500000,1790560000,2187230000,368480000,100178000,526430000,72579000,51595000,,,,,,,198.0,23.0,319767.5,221.0
RDOR3,RDOR3,ON NM,REDE D OR ON NM,Serv.Méd.Hospit. Análises e Diagnósticos,Serv.Méd.Hospit. Análises e Diagnósticos,42.26,2022-01-25,38.90,74.96,152189000,84958100000,98707300000,2021-09-30,2010370000,5870,595,2168,438,166,499,-599,3.1%,1966,2.519,46.1%,072,711,24.5%,20.2%,8.0%,7.7%,10.7%,10.1%,436,189,038,51054600000,13181700000,22105300000,26930900000,13749200000,14285100000,19414600000,3918900000,1447430000,5307920000,1012830000,350963000,,,,,,,36.0,186.0,3804725.0,222.0
GMAT3,GMAT3,ON NM,GRUPO MATEUS ON NM,Comércio e Distribuição,Alimentos,5.95,2022-01-25,5.52,8.96,24648000,13145600000,13531500000,2021-09-30,2209350000,1754,212,1398,087,143,283,402,0.0%,1137,1.439,-,034,281,23.6%,6.2%,5.0%,10.2%,13.1%,12.1%,396,022,164,9205960000,959079000,6206470000,1345020000,385939000,6197320000,15081000000,940483000,749287000,4349130000,314581000,209911000,,,,,,,68.0,156.0,616200.0,224.0
LREN3,LREN3,ON,RENNER ON,Comércio,"Tecidos, Vestuário e Calçados",27.01,2022-01-25,21.69,43.95,309451000,26706900000,24285500000,2021-09-30,988780000,4702,281,1781,273,137,378,1065,1.5%,1024,1.6190000000000002,6.0%,057,961,57.6%,15.3%,5.8%,7.7%,12.2%,6.0%,231,035,050,19462800000,5790720000,12473200000,3369300000,-2421420000,9497620000,9770690000,1499600000,567998000,2626010000,427173000,171956000,,,,,,,58.0,167.5,7736275.0,225.5
WIZS3,WIZS3,ON NM,WIZ S.A. ON NM,Previdência e Seguros,Corretoras de Seguros,7.65,2022-01-25,5.62,18.54,15732400,1223290000,917000000,2021-09-30,159907000,671,313,317,140,100,368,-677,8.0%,216,0.238,14.8%,114,245,66.1%,44.1%,22.6%,31.6%,58.7%,46.7%,212,057,072,1220190000,529431000,627969000,223142000,-306289000,391028000,874668000,385304000,182427000,193979000,82687000,22007000,,,,,,,193.0,36.0,393310.0,229.0
LOGN3,LOGN3,ON NM,Log-In ON NM,Transporte,Transporte Hidroviário,20.69,2022-01-25,13.82,24.20,18023800,2189850000,2994320000,2021-09-30,105841000,1044,500,1148,165,098,423,-255,0.0%,965,1.5690000000000002,14.4%,198,414,21.5%,14.3%,15.8%,8.5%,12.0%,47.9%,223,311,060,2234790000,556096000,938462000,1360570000,804471000,437799000,1330890000,190798000,209822000,359536000,52567000,60235000,,,,,,,62.0,169.0,450595.0,231.0
ASAI3,ASAI3,ON NM,ASSAI ON NM,Comércio e Distribuição,Alimentos,12.30,2022-01-25,11.30,19.45,131638000,16564300000,21846300000,2021-09-30,1346690000,936,690,766,065,080,-5792,-175,0.9%,994,1.01,-,131,178,12.4%,8.5%,7.1%,10.4%,17.2%,73.6%,097,340,122,20769000000,2881000000,8881000000,8163000000,5282000000,2402000000,25402000000,2163000000,1769000000,10845000000,949000000,538000000,,,,,,,100.0,132.0,3290950.0,232.0
FLRY3,FLRY3,ON NM,FLEURY ON NM,Serv.Méd.Hospit. Análises e Diagnósticos,Serv.Méd.Hospit. Análises e Diagnósticos,19.04,2022-01-25,15.89,27.89,34894200,6053650000,8116580000,2021-09-30,317944000,1446,334,843,160,099,830,-254,3.8%,739,1.1309999999999998,10.9%,132,571,30.6%,19.0%,11.1%,11.8%,14.8%,23.1%,162,167,062,6105850000,964742000,1901070000,3027660000,2062920000,1814990000,3782860000,717913000,418592000,1028830000,186146000,94963000,,,,,,,86.5,147.5,872355.0,234.0
LCAM3,LCAM3,ON NM,LOCAMERICA ON NM,Diversos,Aluguel de carros,24.82,2022-01-25,19.65,29.44,73583900,12626700000,18888700000,2021-09-30,508729000,1367,265,756,192,083,2654,-171,1.6%,865,1.1309999999999998,59.1%,182,938,36.6%,25.4%,14.1%,11.0%,13.8%,19.3%,119,169,043,15189700000,1791230000,3033760000,8053280000,6262050000,4772960000,6566090000,1670230000,923445000,1643530000,495352000,267286000,,,,,,,86.5,152.5,1839597.5,239.0
SMTO3,SMTO3,ON NM,SAO MARTINHO ON NM,Alimentos Processados,Açucar e Alcool,36.72,2022-01-25,27.01,40.34,44990500,12999300000,18039000000,2021-09-30,354011000,1252,290,828,256,094,495,-288,6.3%,599,1.15,14.1%,293,1267,39.9%,31.0%,20.5%,11.4%,13.2%,23.1%,220,142,037,13815400000,1351330000,4817140000,6391060000,5039730000,4485740000,5069920000,1569180000,1038030000,1417810000,523813000,368412000,,,,,,,85.0,154.0,1124762.5,239.0
ETER3,ETER3,ON,ETERNIT ON,Construção e Engenharia,Produtos para Construção,16.16,2022-01-25,10.06,33.45,39610300,998316000,777344000,2021-09-30,61777000,296,185,338,094,102,191,368,1.5%,249,0.263,9.4%,546,876,44.6%,27.8%,31.7%,30.3%,44.0%,62.3%,381,007,109,976837000,259344000,707065000,38372000,-220972000,540970000,1063030000,295700000,337106000,275978000,72820000,97994000,,,,,,,190.0,49.0,990257.5,239.0
VALE3,VALE3,ON NM,VALE ON NM,Mineração,Minerais Metálicos,84.06,2022-01-25,62.33,106.26,1905030000,431434000000,446273000000,2021-09-30,5132460000,451,238,237,143,091,2026,-242,17.9%,224,0.24500000000000002,27.4%,1864,3532,61.2%,60.3%,31.4%,38.5%,46.6%,52.8%,124,041,064,472574000000,59057200000,108736000000,73895700000,14838500000,181296000000,302347000000,182167000000,95687000000,66260700000,35124200000,20203200000,,,,,,,192.0,48.0,47625750.0,240.0
LEVE3,LEVE3,ON,MAHLE METAL LEVE ON,Automóveis e Motocicletas,Automóveis e Motocicletas,32.14,2022-01-25,16.59,42.61,12275500,4123850000,4068460000,2021-09-30,128309000,768,240,611,120,141,502,995,2.9%,524,0.6020000000000001,7.8%,418,1340,29.1%,19.6%,15.6%,23.1%,29.2%,31.2%,203,014,118,2918550000,294891000,1616630000,239496000,-55395000,1719860000,3450250000,675475000,536946000,949478000,167088000,139830000,,,,,,,155.5,86.0,306887.5,241.5
SUZB3,SUZB3,ON,Suzano Papel ON,Madeira e Papel,Papel e Celulose,56.71,2022-01-25,47.81,78.24,360358000,77197300000,135655000000,2021-09-30,1361260000,631,571,555,206,068,372,-110,1.3%,650,0.975,41.4%,899,993,47.2%,37.1%,32.6%,12.3%,15.2%,90.5%,332,571,033,113383000000,18690000000,29686000000,77147900000,58457900000,13518500000,37508400000,13920300000,12231200000,10761900000,4564250000,-961974000,,,,,,,105.0,144.0,9008950.0,249.0
BEEF3,BEEF3,ON NM,Minerva ON NM,Alimentos Processados,Carnes e Derivados,9.74,2022-01-25,7.53,10.82,62791300,5914940000,11730000000,2021-09-30,607283000,1051,1224,306,024,029,085,-109,10.0%,520,0.6060000000000001,20.8%,093,080,17.1%,7.7%,2.2%,9.5%,21.9%,116.5%,192,2866,123,20393200000,8030710000,14491500000,13845700000,5815020000,483053000,25162400000,1935970000,562718000,7368240000,543378000,72374000,,,,,,,151.0,99.0,1569782.5,250.0
EGIE3,EGIE3,ON,ENGIE BRASIL ON,Energia Elétrica,Energia Elétrica,39.39,2022-01-25,36.10,43.83,45001400,32139400000,46750200000,2021-09-30,815928000,1277,408,551,237,083,1190,-144,4.5%,691,0.8009999999999999,18.7%,308,966,45.5%,43.1%,18.6%,15.0%,17.6%,31.9%,146,244,035,38840700000,4639450000,8598380000,19250300000,14610800000,7882900000,13541100000,5834840000,2516400000,3388850000,1306880000,638700000,,,,,,,123.5,128.5,1125035.0,252.0
MRFG3,MRFG3,ON NM,Marfrig ON NM,Alimentos Processados,Carnes e Derivados,23.63,2022-01-25,11.25,26.22,139907000,16337100000,30703600000,2021-09-30,691370000,336,336,149,020,035,183,-109,12.3%,246,0.27999999999999997,47.4%,703,704,18.7%,13.8%,8.5%,23.3%,38.6%,99.9%,154,616,169,47109800000,15600800000,25488900000,29967300000,14366500000,4866930000,79713400000,10968100000,4863320000,23637800000,4348000000,1675240000,,,,,,,188.0,65.0,3497675.0,253.0
VBBR3,VBBR3,ON,VIBRA ON,"Petróleo, Gás e Biocombustíveis","Exploração, Refino e Distribuição",21.54,2022-01-25,17.45,28.99,173179000,25094100000,33852100000,2021-09-30,1165000000,543,222,798,022,085,275,-817,9.4%,914,1.076,3.9%,397,969,5.4%,2.7%,4.0%,10.6%,12.8%,40.9%,249,096,390,29562000000,2030000000,15205000000,10788000000,8758000000,11287000000,115144000000,3146000000,4620000000,35694000000,667000000,598000000,,,,,,,94.0,160.5,4329475.0,254.5
BOAS3,BOAS3,ON NM,BOA VISTA ON NM,Serviços Financeiros Diversos,Serviços Financeiros Diversos,5.52,2022-01-25,4.98,13.87,8318070,2933550000,1809710000,2021-09-30,531440000,2074,147,1830,410,114,240,356,1.6%,556,1.129,12.8%,027,377,49.8%,22.4%,19.8%,6.2%,12.2%,7.1%,770,005,028,2582820000,1233740000,1405130000,109897000,-1123840000,2001970000,716032000,160319000,141424000,196888000,53863000,49782000,,,,,,,88.0,167.5,207951.75,255.5
CSNA3,CSNA3,ON,CSN ON,Siderurgia e Metalurgia,Siderurgia,25.41,2022-01-25,19.68,50.03,291261000,35257000000,46494200000,2021-09-30,1387520000,234,175,180,074,046,309,-184,8.3%,208,0.23700000000000002,23.6%,1087,1455,47.6%,41.5%,34.7%,25.8%,38.4%,74.7%,151,147,062,76072000000,18445700000,33609000000,29682900000,11237200000,20194800000,47345200000,19631700000,15084500000,10246200000,3542180000,1149540000,,,,,,,194.0,67.0,7281525.0,261.0
BMOB3,BMOB3,ON NM,BEMOBI TECH ON NM,Programas e Serviços,Programas e Serviços,13.78,2022-01-25,12.17,26.61,14078500,1252730000,623067000,2021-09-30,90909100,1856,123,1333,419,107,174,191,0.0%,459,0.663,-,074,1124,55.4%,31.4%,22.6%,8.1%,18.9%,6.6%,1019,-,026,1167020000,629660000,800376000,0,-629660000,1021590000,298961000,93956000,67489000,75669000,19246000,18984000,,,,,,,144.0,118.5,351962.5,262.5
RANI3,RANI3,ON,CELULOSE IRANI ON,Madeira e Papel,Papel e Celulose,6.35,2022-01-25,5.25,9.49,8090190,1630170000,1902740000,2021-09-30,256720000,637,171,432,110,078,337,-507,5.6%,408,0.504,12.5%,100,372,37.4%,25.5%,17.3%,18.0%,23.6%,26.8%,245,067,071,2094360000,363177000,818868000,635739000,272562000,954241000,1482700000,377620000,255904000,432468000,131822000,97595000,,,,,,,170.0,94.0,202254.75,264.0
DXCO3,DXCO3,ON,DEXCO ON,Madeira e Papel,Madeira,13.70,2022-01-25,13.28,20.38,51695300,10425200000,12130600000,2021-09-30,760963000,721,173,688,133,084,552,-553,11.4%,545,0.8009999999999999,16.4%,190,790,34.5%,19.4%,18.5%,12.1%,15.4%,24.0%,170,052,063,12470900000,1406020000,4571760000,3111390000,1705360000,6013800000,7812960000,1514450000,1446010000,2177150000,429083000,255266000,,,,,,,123.5,143.0,1292382.5,266.5
CCRO3,CCRO3,ON NM,COMPANHIA DE CONCESSÕES RODOVIÁRIAS ON NM,Transporte,Exploração de Rodovias,12.15,2022-01-25,10.74,13.99,122714000,24543000000,40600200000,2021-09-30,2020000000,3255,288,736,204,062,587,-125,1.4%,631,1.217,3.5%,037,422,38.9%,27.8%,7.3%,8.5%,10.9%,8.8%,162,285,030,39416600000,8257790000,10890700000,24315000000,16057200000,8522990000,12004000000,3335430000,753996000,2843310000,872354000,183913000,,,,,,,82.5,185.0,3067850.0,267.5
AGRO3,AGRO3,ON NM,BRASILAGRO ON NM,Agropecuária,Agricultura,26.73,2022-01-25,19.76,32.85,16196500,2736540000,2342390000,2021-09-30,102377000,745,118,559,186,077,223,393,9.8%,346,0.479,49.0%,359,2271,38.6%,33.2%,24.9%,13.7%,23.3%,15.8%,272,034,041,3569020000,1192780000,1940570000,798628000,-394148000,2324940000,1472530000,489195000,367393000,532691000,132424000,125401000,,,,,,,172.0,96.0,404912.5,268.0
MOVI3,MOVI3,ON NM,MOVIDA ON NM,Diversos,Aluguel de carros,15.53,2022-01-25,13.40,22.62,36490100,5626550000,11343500000,2021-09-30,362302000,775,177,443,123,029,079,-079,2.1%,708,0.892,20.6%,200,877,39.4%,27.7%,15.9%,6.4%,12.6%,22.9%,410,440,023,19735800000,8274310000,9415680000,13991300000,5716960000,3178130000,4582330000,1271180000,726369000,1575240000,532236000,259381000,,,,,,,109.0,163.0,912252.5,272.0
USIM3,USIM3,ON N1,USIMINAS ON N1,Siderurgia e Metalurgia,Siderurgia,14.48,2022-01-25,11.59,22.48,9453700,18144600000,16929300000,2021-09-30,1253080000,221,090,184,058,047,128,365,9.0%,156,0.172,27.1%,656,1609,34.7%,31.6%,30.4%,25.3%,34.0%,40.8%,308,030,080,38918400000,7293500000,20948600000,6078220000,-1215280000,20164300000,31162000000,9837240000,8221180000,9025650000,2820840000,1562220000,,,,,,,200.0,74.0,236342.5,274.0
SLCE3,SLCE3,ON NM,SLC Agricola ON NM,Agropecuária,Agricultura,46.09,2022-01-25,30.46,51.36,55492600,9790560000,12033200000,2021-09-30,212423000,919,272,603,175,076,813,-262,2.1%,684,0.7409999999999999,25.0%,502,1692,36.3%,29.0%,20.2%,12.7%,14.8%,29.6%,130,083,044,12825400000,725420000,5245360000,2968070000,2242650000,3595110000,5607870000,1624910000,1065800000,1143490000,88603000,121012000,,,,,,,132.0,147.5,1387315.0,279.5
ESPA3,ESPA3,ON NM,ESPACOLASER ON NM,Comércio,Produtos Diversos,6.11,2022-01-25,5.98,21.50,25149600,1492280000,2111410000,2021-09-30,244236000,543,216,710,198,068,869,-256,2.3%,755,1.0050000000000001,-,112,283,50.5%,27.9%,37.4%,9.6%,11.1%,39.7%,123,129,034,2190520000,270858000,914471000,889989000,619131000,691061000,753899000,210192000,274671000,104268000,-41052000,8116000,,,,,,,101.0,180.0,628740.0,281.0
PTBL3,PTBL3,ON,PORTOBELLO S/A ON,Construção e Engenharia,Produtos para Construção,8.51,2022-01-25,6.83,17.97,8871820,1255480000,1744830000,2021-09-30,147530000,640,336,413,070,056,458,-156,13.5%,463,0.5740000000000001,14.0%,133,253,41.6%,16.9%,10.9%,13.7%,18.5%,52.5%,136,220,081,2223590000,332911000,1043810000,822262000,489351000,373390000,1801160000,304175000,196080000,519380000,100070000,80668000,,,,,,,161.0,122.0,221795.5,283.0
FHER3,FHER3,ON NM,Fer Heringer ON NM,Químicos,Fertilizantes e Defensivos,16.50,2022-01-25,3.90,46.77,25759300,888641000,1384290000,2021-09-30,53857000,312,982,179,026,036,162,-113,0.0%,264,0.279,-14.0%,528,168,20.1%,14.4%,8.3%,20.3%,23.3%,314.4%,154,560,141,2444080000,10934000,1566170000,506585000,495651000,90470000,3445400000,496192000,284417000,1314420000,248965000,101317000,,,,,,,189.0,96.0,643982.5,285.0
ROMI3,ROMI3,ON,ROMI ON,Máquinas e Equipamentos,Máq. e Equip. Industriais,15.87,2022-01-25,14.55,36.67,15774400,1163810000,1581980000,2021-09-30,73334000,494,127,619,089,061,207,734,4.9%,685,0.841,17.9%,321,1253,32.4%,14.5%,18.1%,9.9%,11.5%,25.6%,198,058,068,1900180000,113471000,1137980000,531639000,418168000,919233000,1301310000,188144000,235471000,366577000,54846000,85747000,,,,,,,114.0,174.5,394360.0,288.5
JBSS3,JBSS3,ON NM,JBS ON NM,Alimentos Processados,Carnes e Derivados,36.14,2022-01-25,21.82,38.19,341091000,85791600000,145673000000,2021-09-30,2373870000,476,184,320,026,044,312,-129,8.8%,411,0.5429999999999999,19.4%,760,1961,17.7%,8.1%,5.5%,13.7%,18.6%,38.7%,153,181,168,196027000000,24479000000,79367900000,84360300000,59881200000,46554500000,329563000000,26838900000,18032900000,92625300000,10806400000,7585570000,,,,,,,168.0,121.0,8527275.0,289.0
PETR3,PETR3,ON,PETROBRAS ON,"Petróleo, Gás e Biocombustíveis","Exploração, Refino e Distribuição",35.80,2022-01-25,17.22,35.80,681242000,466993000000,728803000000,2021-09-30,13044500000,346,127,270,119,048,1688,-108,15.8%,307,0.421,5.0%,1035,2829,51.1%,44.0%,34.6%,17.8%,19.6%,36.6%,120,088,040,974689000000,62314000000,166334000000,324124000000,261810000000,369077000000,393450000000,173092000000,135054000000,121594000000,52023000000,31142000000,,,,,,,177.0,115.0,17031050.0,292.0
SIMH3,SIMH3,ON NM,SIMPAR ON NM,Holdings Diversificadas,Holdings Diversificadas,10.38,2022-01-25,8.13,17.34,24037000,8689330000,21226600000,2021-09-30,837122000,1065,255,357,070,021,055,-060,1.5%,617,0.873,-,098,407,29.6%,19.6%,9.8%,5.9%,11.0%,24.0%,409,857,030,41082100000,16643700000,20941300000,29181100000,12537300000,3406830000,12414200000,2432810000,816242000,3958280000,903987000,245763000,,,,,,,110.0,183.0,600925.0,293.0
CRFB3,CRFB3,ON NM,CARREFOUR BR ON NM,Comércio e Distribuição,Alimentos,15.46,2022-01-25,13.96,22.94,72330100,30693400000,40416400000,2021-09-30,1985340000,1002,181,611,040,057,1579,-332,5.9%,650,0.804,13.5%,154,852,19.0%,6.6%,4.3%,9.3%,11.8%,18.1%,108,071,141,54199000000,2358000000,26656000000,12081000000,9723000000,16925000000,76686000000,5026000000,3062000000,19856000000,1167000000,638000000,,,,,,,122.0,172.0,1808252.5,294.0
ECOR3,ECOR3,ON NM,ECORODOVIAS ON NM,Transporte,Exploração de Rodovias,7.52,2022-01-25,6.94,13.43,52131100,5236430000,12741400000,2021-09-30,696334000,-1924,248,278,118,030,-372,-050,0.0%,503,0.675,10.8%,-039,303,41.0%,42.6%,-6.2%,11.0%,13.8%,-12.9%,076,516,026,17215200000,3374870000,4379220000,10879800000,7504940000,2109920000,4429950000,1886520000,-272125000,1262420000,421161000,143273000,,,,,,,141.5,152.5,1303277.5,294.0
CAML3,CAML3,ON NM,CAMIL ON NM,Alimentos Processados,Alimentos Diversos,9.19,2022-01-25,8.55,11.38,18390300,3400300000,5248840000,2021-11-30,370000000,809,118,625,040,042,115,-3428,2.7%,897,0.9650000000000001,24.9%,114,776,19.8%,6.3%,4.9%,6.7%,10.4%,14.6%,235,131,106,8117980000,1901170000,5146340000,3749710000,1848540000,2872440000,8579210000,543895000,420284000,2272960000,151848000,120509000,,,,,,,106.0,189.0,459757.5,295.0
KEPL3,KEPL3,ON,KEPLER WEBER SA ON,Máquinas e Equipamentos,Máq. e Equip. Industriais,36.04,2022-01-25,28.70,45.94,8981730,1093850000,717215000,2021-09-30,30351000,1203,159,876,103,082,303,370,29.5%,470,0.575,14.7%,300,2264,22.8%,11.8%,8.6%,9.4%,16.2%,13.2%,162,009,079,1333580000,438852000,942380000,62217000,-376635000,687143000,1057430000,124830000,90909000,330467000,57585000,41133000,,,,,,,160.0,136.5,224543.25,296.5
CPFE3,CPFE3,ON,CPFL ENERGIA S.A. ON,Energia Elétrica,Energia Elétrica,28.19,2022-01-25,22.54,29.61,102086000,32482100000,47113300000,2021-09-30,1152250000,735,220,479,086,053,1690,-104,13.1%,574,0.6950000000000001,8.8%,384,1281,22.9%,18.0%,12.0%,11.0%,13.0%,30.0%,114,133,061,61639600000,4920860000,15455000000,19552100000,14631300000,14756100000,37564300000,6778110000,4420540000,11189900000,2064020000,1401850000,,,,,,,138.0,158.5,2552150.0,296.5
LJQQ3,LJQQ3,ON NM,QUERO-QUERO ON NM,Comércio,Produtos Diversos,9.27,2022-01-25,8.22,24.64,25910000,1736180000,1587200000,2021-09-30,187290000,2226,327,888,088,067,225,-589,1.5%,583,0.812,-,042,284,40.2%,9.9%,4.0%,7.5%,11.0%,14.7%,176,056,076,2610740000,448577000,1785060000,299603000,-148974000,530972000,1972410000,195486000,78001000,538667000,46352000,15551000,,,,,,,120.0,183.0,647750.0,303.0
TUPY3,TUPY3,ON,TUPY ON,Material de Transporte,Material Rodoviário,20.10,2022-01-25,18.92,25.98,12143100,2897980000,3884010000,2021-09-30,144178000,1272,108,518,046,045,126,16209,2.1%,425,0.6940000000000001,11.2%,158,1866,16.5%,8.9%,3.6%,8.6%,12.3%,8.5%,254,077,097,6471850000,1091720000,3798970000,2077750000,986030000,2690750000,6293340000,559773000,227833000,1833810000,217276000,125150000,,,,,,,139.0,166.0,303577.5,305.0
EQTL3,EQTL3,ON NM,EQUATORIAL ENERGIA S.A. ON NM,Energia Elétrica,Energia Elétrica,22.18,2022-01-25,19.30,26.31,136559000,22413800000,34674500000,2021-09-30,1010540000,610,188,436,101,040,299,-102,3.2%,589,0.675,27.7%,364,1182,29.9%,23.2%,19.3%,9.2%,11.9%,30.8%,161,183,040,55563800000,9620630000,19718300000,21881300000,12260700000,11941100000,22177000000,5139120000,3674800000,7488840000,1212260000,1410400000,,,,,,,141.5,170.5,3413975.0,312.0
POSI3,POSI3,ON NM,POSITIVO INF ON NM,Computadores e Equipamentos,Computadores e Equipamentos,8.81,2022-01-25,3.85,15.58,38350100,1249260000,1595340000,2021-09-30,141800000,407,105,503,040,038,120,216,3.9%,547,0.642,12.1%,217,837,23.2%,7.9%,9.9%,7.5%,12.6%,25.9%,163,062,095,3320380000,388751000,2702190000,734833000,346082000,1187040000,3142500000,248498000,307024000,828794000,68940000,53592000,,,,,,,149.0,163.0,958752.5,312.0
JHSF3,JHSF3,ON NM,JHSF Part ON NM,Construção Civil,Incorporações,5.82,2022-01-25,4.58,7.70,23878500,3993830000,5085660000,2021-09-30,686224000,434,090,356,208,050,268,-322,6.8%,434,0.45299999999999996,52.1%,134,647,70.9%,58.5%,47.7%,14.0%,15.9%,20.7%,287,043,024,8041160000,839012000,2289230000,1930850000,1091840000,4443130000,1918730000,1122740000,919470000,476375000,244587000,213974000,,,,,,,173.0,141.0,596962.5,314.0
ENAT3,ENAT3,ON,ENAUTA PART ON,"Petróleo, Gás e Biocombustíveis","Exploração, Refino e Distribuição",14.61,2022-01-25,11.25,18.71,17740100,3883440000,2376480000,2021-09-30,265807000,490,112,1061,298,067,189,701,1.3%,233,0.65,30.7%,298,1304,34.4%,28.0%,60.7%,6.3%,11.3%,22.8%,347,026,023,5795120000,2418840000,2881940000,911878000,-1506960000,3467240000,1305300000,365892000,791935000,588285000,167497000,133953000,,,,,,,147.0,178.0,443502.5,325.0
ENBR3,ENBR3,ON,EDP ENERGIAS DO BRASIL S/A ON,Energia Elétrica,Energia Elétrica,21.45,2022-01-25,16.39,21.64,72552500,12466000000,20559800000,2021-09-30,581165000,608,113,329,067,037,1833,-103,7.4%,458,0.5429999999999999,10.7%,353,1892,24.1%,20.4%,12.4%,11.3%,12.8%,18.6%,108,090,055,33562500000,1797260000,9281150000,9891060000,8093800000,10996900000,18595000000,3788080000,2050760000,5693270000,964252000,510518000,,,,,,,168.0,160.5,1813812.5,328.5
NEOE3,NEOE3,ON NM,NEOENERGIA ON NM,Energia Elétrica,Energia Elétrica,15.92,2022-01-25,14.45,18.71,33649600,19323600000,49040600000,2021-09-30,1213800000,451,081,238,046,024,-1216,-050,2.8%,489,0.604,19.8%,353,1965,24.4%,19.5%,10.6%,10.0%,11.4%,18.0%,092,143,051,81030000000,4407000000,18125000000,34124000000,29717000000,23854000000,41708000000,8113000000,4285000000,12249000000,2448000000,1281000000,,,,,,,152.5,176.5,841240.0,329.0
CSMG3,CSMG3,ON,COPASA MG ON,Água e Saneamento,Água e Saneamento,12.58,2022-01-25,11.50,17.35,25066500,4783580000,7314250000,2021-09-30,380253000,645,072,378,083,038,613,-146,7.5%,376,0.5770000000000001,8.2%,195,1750,40.7%,21.9%,12.8%,10.0%,11.5%,11.2%,139,060,045,12717100000,1458310000,2796670000,3988970000,2530660000,6654040000,5783360000,1267110000,742039000,1510470000,166623000,16369000,,,,,,,159.0,174.5,626662.5,333.5
BKBR3,BKBR3,ON NM,BK BRASIL ON NM,Hoteis e Restaurantes,Restaurante e Similares,5.94,2022-01-25,5.18,12.40,15826700,1635610000,1982520000,2021-09-30,275355000,-414,106,-600,063,044,1536,-119,0.0%,2167,-0.7270000000000001,3.9%,-143,562,60.6%,-10.4%,-15.1%,-7.3%,-9.0%,-25.5%,116,054,070,3710920000,485766000,792640000,832677000,346911000,1547140000,2614420000,-272632000,-394712000,709978000,-18722000,-37946000,,,,,,,237.0,206.0,395667.5,443.0
OIBR3,OIBR3,ON N1,OI ON N1,Telecomunicações,Telecomunicações,0.89,2022-01-25,0.69,2.26,58656700,5872420000,34000200000,2021-09-30,6598220000,-120,553,-168,293,008,026,-021,0.0%,-2519,-0.9730000000000001,-40.3%,-074,016,26.2%,-174.5%,-245.4%,-4.6%,-5.1%,-462.7%,197,2952,003,75529300000,3212130000,46291100000,31339900000,28127800000,1061810000,2002880000,-3494680000,-4913330000,2243790000,-620208000,-4812610000,,,,,,,242.0,212.0,1466417.5,454.0
ENJU3,ENJU3,ON NM,ENJOEI ON NM,Programas e Serviços,Programas e Serviços,2.87,2022-01-25,2.34,20.90,8811270,567846000,148025000,2021-09-30,197856000,-546,126,-497,540,115,138,141,0.0%,-140,-0.13,-,-053,228,27.9%,-108.6%,-98.8%,-23.1%,-188.2%,-23.0%,1244,-,021,495670000,419821000,448450000,0,-419821000,450931000,105222000,-114266000,-103927000,25913000,-27879000,-23256000,,,,,,,226.0,231.0,220281.75,457.0
SMFT3,SMFT3,ON NM,SMART FIT ON NM,Viagens e Lazer,Atividades Esportivas,16.69,2022-01-25,14.25,32.20,25010000,9784380000,9737240000,2021-09-30,586242000,-1561,216,-2732,633,090,412,-384,0.0%,2352,-2.719,12.2%,-107,772,2.9%,-23.2%,-40.7%,-3.3%,-4.9%,-13.9%,268,072,014,10894600000,3323900000,3787710000,3276750000,-47148000,4524110000,1546250000,-358171000,-626797000,445429000,-89550000,-156827000,,,,,,,255.0,213.5,625250.0,468.5
MATD3,MATD3,ON NM,MATER DEI ON NM,Serv.Méd.Hospit. Análises e Diagnósticos,Serv.Méd.Hospit. Análises e Diagnósticos,14.54,2022-01-25,10.85,21.55,12628700,5559080000,4463870000,2021-09-30,382330000,000,363,-,-,222,388,751,0.0%,-,0.0,-,000,401,-,-,-,0.0%,-,-,609,017,-,2504340000,1353460000,1712880000,258249000,-1095210000,1531620000,0,0,0,240402000,59351000,43634000,,,,,,,213.0,256.0,315717.5,469.0
MLAS3,MLAS3,ON NM,MULTILASER ON NM,Computadores e Equipamentos,Computadores e Equipamentos,6.92,2022-01-25,6.27,12.98,12830200,5678130000,5113030000,2021-09-30,820539000,000,145,-,-,075,135,170,0.0%,-,0.0,-,000,477,-,-,-,0.0%,-,-,250,028,-,7585330000,1650180000,7009650000,1085080000,-565098000,3910490000,0,0,0,1390670000,244281000,225656000,,,,,,,213.0,256.0,320755.0,469.0
VVEO3,VVEO3,ON NM,VIVEO ON NM,Comércio e Distribuição,Medicamentos e Outros Produtos,15.88,2022-01-25,13.80,26.84,9800600,4543640000,4405920000,2021-09-30,286123000,000,209,-,-,080,195,1213,0.0%,-,0.0,-,000,759,-,-,-,0.0%,-,-,249,072,-,5691660000,1706890000,3894190000,1569170000,-137720000,2172080000,0,0,0,1495760000,28319000,61255000,,,,,,,213.0,256.0,245015.0,469.0
CBAV3,CBAV3,ON NM,CBA ON NM,Mineração,Minerais Metálicos,16.06,2022-01-25,10.27,16.30,33254300,9569080000,11270300000,2021-09-30,595833000,000,249,-,-,085,486,-322,0.0%,-,0.0,-,000,645,-,-,-,0.0%,-,-,185,080,-,11290100000,1378900000,4296760000,3080090000,1701190000,3843160000,0,0,0,2300040000,224144000,-47309000,,,,,,,213.0,256.0,831357.5,469.0
IFCM3,IFCM3,ON NM,INFRACOMM ON NM,Programas e Serviços,Programas e Serviços,14.52,2022-01-25,13.05,23.78,23418400,4040280000,3526060000,2021-09-30,278257000,000,438,-,-,269,852,1266,0.0%,-,0.0,-,000,331,-,-,-,0.0%,-,-,211,011,-,1503450000,611017000,901026000,96792000,-514225000,921548000,0,0,0,105118000,-9416000,-3808000,,,,,,,213.0,256.0,585460.0,469.0
TRAD3,TRAD3,ON NM,TC ON NM,Programas e Serviços,Programas e Serviços,4.37,2022-01-25,4.18,13.21,13808600,1230800000,713410000,2021-09-30,281647000,000,194,-,-,182,241,243,0.0%,-,0.0,-,000,226,-,-,-,0.0%,-,-,1574,001,-,675333000,525880000,545579000,8492000,-517388000,635506000,0,0,0,25207000,-5919000,11438000,,,,,,,213.0,256.0,345215.0,469.0
CLSA3,CLSA3,ON NM,CLEARSALE ON NM,Serviços Financeiros Diversos,Serviços Financeiros Diversos,10.27,2022-01-25,7.73,29.69,17701600,1930000000,1273270000,2021-09-30,187926000,000,246,-,-,192,247,279,0.0%,-,0.0,-,000,418,-,-,-,0.0%,-,-,694,015,-,1006020000,772876000,913394000,116142000,-656734000,785018000,0,0,0,116229000,-30329000,-45238000,,,,,,,213.0,256.0,442540.0,469.0
ONCO3,ONCO3,ON NM,ONCOCLINICAS ON NM,Serv.Méd.Hospit. Análises e Diagnósticos,Serv.Méd.Hospit. Análises e Diagnósticos,10.01,2022-01-25,7.65,19.24,16567500,4958530000,4754700000,2021-09-30,495358000,000,286,-,-,100,324,-1601,0.0%,-,0.0,-,000,350,-,-,-,0.0%,-,-,238,091,-,4970300000,1773520000,2639280000,1569680000,-203836000,1734180000,0,0,0,679420000,200492000,145177000,,,,,,,213.0,256.0,414187.5,469.0
RECV3,RECV3,ON NM,PETRORECONCA ON NM,"Petróleo, Gás e Biocombustíveis","Exploração, Refino e Distribuição",20.40,2022-01-25,13.56,20.84,13872700,5069750000,4701230000,2021-09-30,248517000,000,274,-,-,153,709,-5828,0.0%,-,0.0,-,000,744,-,-,-,0.0%,-,-,208,043,-,3312560000,1156480000,1376260000,787959000,-368516000,1849310000,0,0,0,260344000,69826000,22926000,,,,,,,213.0,256.0,346817.5,469.0
GGPS3,GGPS3,ON NM,GPS ON NM,Serviços Diversos,Serviços Diversos,14.46,2022-01-25,11.91,19.76,28796000,9651920000,9644010000,2021-09-30,667491000,000,445,-,-,174,668,-2128,1.3%,-,0.0,-,000,325,-,-,-,0.0%,-,-,197,062,-,5554120000,1359920000,2932100000,1352010000,-7910020,2166720000,0,0,0,1658910000,165423000,99298000,,,,,,,213.0,256.0,719900.0,469.0
ARML3,ARML3,ON NM,ARMAC ON NM,Diversos,Aluguel de carros,20.83,2022-01-25,18.96,26.74,18713000,7202170000,7032500000,2021-09-30,345760000,000,650,-,-,368,870,3821,0.0%,-,0.0,-,000,321,-,-,-,0.0%,-,-,493,065,-,1958980000,892411000,1038990000,722739000,-169672000,1108480000,0,0,0,99346000,28381000,13676000,,,,,,,213.0,256.0,467825.0,469.0
LUPA3,LUPA3,ON NM,LUPATECH ON NM,"Petróleo, Gás e Biocombustíveis",Equipamentos e Serviços,5.80,2022-01-25,2.01,11.30,10802000,168879000,291040000,2021-09-30,29117000,175,127,-1118,207,033,100,-135,0.0%,-2962,-1.927,-8.9%,332,457,27.3%,-18.5%,118.5%,-2.9%,-3.1%,72.6%,296,104,016,512858000,16352000,254660000,138513000,122161000,133184000,81668000,-15105000,96736000,23801000,-862000,121000,,,,,,,248.0,222.5,270050.0,470.5
CEAB3,CEAB3,ON NM,CEA MODAS ON NM,Comércio,"Tecidos, Vestuário e Calçados",5.84,2022-01-25,5.17,15.31,15524200,1800150000,2205490000,2021-09-30,308245000,634,063,-1170,036,024,152,-107,0.0%,369,-1.4330000000000003,24.1%,092,922,46.1%,-3.1%,5.6%,-2.0%,-2.8%,10.0%,162,048,066,7613820000,969382000,3084100000,1374730000,405344000,2841200000,5038070000,-153866000,283918000,1339410000,-53978000,243904000,,,,,,,245.0,226.0,388105.0,471.0
CVCB3,CVCB3,ON NM,CVC BRASIL ON NM,Viagens e Lazer,Viagens e Turismo,12.92,2022-01-25,11.09,28.65,140518000,2906160000,3129060000,2021-09-30,224935000,4857,559,-707,431,055,14176,-199,0.0%,-1284,-0.7609999999999999,-15.1%,027,231,100.0%,-60.9%,7.7%,-7.8%,-10.4%,11.5%,101,191,013,5293040000,770702000,3311960000,993606000,222904000,519798000,674630000,-410994000,59839000,230374000,-43751000,-81049000,,,,,,,239.0,237.0,3512950.0,476.0
ELET3,ELET3,ON,ELETROBRÁS ON,Energia Elétrica,Energia Elétrica,34.03,2022-01-25,25.39,47.57,173692000,53390700000,78163000000,2021-09-30,1568930000,831,070,-1517,180,028,287,-075,7.0%,-4743,-2.221,-7.4%,409,4852,65.9%,-11.8%,21.8%,-1.8%,-2.1%,8.4%,170,064,015,193255000000,24326200000,45209100000,49098500000,24772300000,76128500000,29720400000,-3519680000,6422970000,9956630000,-1457520000,923845000,,,,,,,250.0,229.0,4342300.0,479.0
CASH3,CASH3,ON NM,MELIUZ ON NM,Programas e Serviços,Programas e Serviços,2.75,2022-01-25,2.46,12.33,166015000,2210090000,1641320000,2021-09-30,803670000,-46130,310,-24316,1061,267,374,422,0.2%,-27351,-18.058,-,-001,089,-4.4%,-4.4%,-1.1%,-1.1%,-3.6%,-0.7%,2109,000,025,826253000,570982000,620739000,2210000,-568772000,713849000,208365000,-9089000,-4791000,58727000,-10802000,-4539000,,,,,,,264.0,219.0,4150375.0,483.0
COGN3,COGN3,ON,COGNA ON,Diversos,Serviços Educacionais,2.47,2022-01-25,2.00,4.80,79105900,4635220000,10682400000,2021-09-30,1876610000,-101,037,-2131,108,016,169,-063,0.0%,1918,-4.911,-5.6%,-244,676,64.3%,-5.1%,-107.2%,-0.8%,-0.9%,-36.1%,154,073,015,28898600000,3168250000,7843680000,9215440000,6047190000,12679000000,4293490000,-217499000,-4574080000,1022440000,-96789000,-370222000,,,,,,,257.0,241.5,1977647.5,498.5
BRAP3,BRAP3,ON N1,BRADESPAR S/A ON N1,Mineração,Minerais Metálicos,23.82,2022-01-25,17.09,24.66,9348390,9363570000,6808410000,2021-09-30,393097000,172,064,-33957,-,064,367,367,40.7%,-24691,-24.691,-,1385,3701,-,-,0.0%,-0.2%,-0.2%,37.4%,6533,-,-,14587600000,2555160000,2591810000,0,-2555160000,14547000000,0,-27575000,5444250000,0,-8382000,1175860000,,,,,,,265.0,245.0,233709.75,510.0
